sql-server,sql,database,mysql,sql-server-2008,oracle,php,performance,,,,
ado.net,,,,,,,,,,,
entity-framework-4,entity-framework,c#,c#-4.0,linq,linq-to-sql,lambda,iis,asp.net-mvc,asp.net-mvc-3,asp.net-web-api,asp.net
nhibernate,,,,,,,,,,,
xml,xml-serialization,serialization,,,,,,,,,
excel,,,,,,,,,,,
winforms,datagridview,msbuild,vb.net,visual-studio,visual-studio-2010,visual-studio-2008,visual-studio-2012,debugging,asp.net-mvc-4,,
gridview,,,,,,,,,,,
image,json,javascript,html,jquery,ajax,,,,,,
datetime,,,,,,,,,,,
azure,deployment,,,,,,,,,,
powershell,,,,,,,,,,,
design-patterns,oop,architecture,dependency-injection,,,,,,,,
generics,collections,list,reflection,,,,,,,,
dll,com,interop,c++,windows,winapi,,,,,,
assemblies,,,,,,,,,,,
exception,exception-handling,,,,,,,,,,
wpf,xaml,data-binding,mvvm,user-controls,silverlight,windows-phone-7,,,,,
events,,,,,,,,,,,
user-interface,,,,,,,,,,,
java,sockets,,,,,,,,,,
clr,c++-cli,garbage-collection,multithreading,,,,,,,,
security,encryption,,,,,,,,,,
mono,f#,,,,,,,,,,
.net-2.0,.net-4.0,.net-3.5,,,,,,,,,
regex,string,arrays,,,,,,,,,
asynchronous,task-parallel-library,async-await,,,,,,,,,
windows-services,,,,,,,,,,,
compact-framework,,,,,,,,,,,
wcf,soap,rest,web-services,,,,,,,,
unit-testing,,,,,,,,,,,
configuration,,,,,,,,,,,
