nullpointerexception,exception,,,,,,,,
io,file,file-io,python,,,,,,
performance,sorting,hashmap,parsing,date,regex,,,,
jvm,jni,,,,,,,,
multithreading,concurrency,sockets,c++,linux,windows,,,,
scala,intellij-idea,,,,,,,,
c#,class,object,reflection,generics,annotations,interface,list,collections,arraylist
php,sqlite,database,logging,log4j,design-patterns,,,,
security,encryption,,,,,,,,
applet,awt,swing,jtable,user-interface,jpanel,jframe,,,
osx,,,,,,,,,
hadoop,,,,,,,,,
image,,,,,,,,,
javafx,,,,,,,,,
swt,,,,,,,,,
rest,jersey,web-services,soap,jaxb,,,,,
xml,serialization,libgdx,json,,,,,,
apache,android,http,,,,,,,
oop,,,,,,,,,
maven,eclipse,jar,ant,netbeans,,,,,
unit-testing,junit,selenium,,,,,,,
gwt,google-app-engine,,,,,,,,
jboss,java-ee,jsf,jquery,javascript,html,mysql,,,
spring-mvc,spring,spring-security,jpa,hibernate,servlets,jsp,tomcat,struts2,arrays
jdbc,sql,oracle,,,,,,,
inheritance,methods,,,,,,,,
algorithm,loops,string,,,,,,,
